DOMAIN-SUFFIX,beeg.com
DOMAIN-SUFFIX,bestchange.com
DOMAIN-SUFFIX,bestchange.ru
DOMAIN-SUFFIX,capitalist.net
DOMAIN-SUFFIX,ebanoe.it
DOMAIN-SUFFIX,intimtur.com
DOMAIN-SUFFIX,island-of-pleasure.site
DOMAIN-SUFFIX,knowyourmeme.com
DOMAIN-SUFFIX,numbuster.com
DOMAIN-SUFFIX,pointmedia.io
DOMAIN-SUFFIX,pornolab.net
DOMAIN-SUFFIX,redtube.com
DOMAIN-SUFFIX,static-ss.xvideos-cdn.com
DOMAIN-SUFFIX,storage.intimtur.com
DOMAIN-SUFFIX,theresanaiforthat.com
DOMAIN-SUFFIX,xhamster.com
DOMAIN-SUFFIX,xhamsterlive.com
DOMAIN-SUFFIX,xnxx-ru.com
DOMAIN-SUFFIX,xnxx.com
DOMAIN-SUFFIX,xnxx.gold
DOMAIN-SUFFIX,xv-ru.com
DOMAIN-SUFFIX,xvpn.io
DOMAIN-KEYWORD,ashoo
DOMAIN-KEYWORD,dosug
DOMAIN-KEYWORD,intimcity
DOMAIN-KEYWORD,rule34
DOMAIN-KEYWORD,sextalk
DOMAIN-KEYWORD,xvideos
DOMAIN-KEYWORD,aloha
